Player,Team,Age,Height,Weight,GP,MIN,STL,BLK,Deflections
AJ Hammons,DAL,24,84,260,22,163,1,13,5
Aaron Brooks,IND,32,72,161,65,894,25,9,50
Aaron Gordon,ORL,21,81,220,80,2298,65,40,113
Aaron Harrison,CHA,22,78,210,5,17,0,0,0
Adreian Payne,MIN,26,82,237,18,135,8,7,11
Al Horford,BOS,31,82,245,68,2193,52,86,98
Al Jefferson,IND,32,82,289,66,931,19,16,41
Al-Farouq Aminu,POR,26,81,220,61,1773,60,44,106
Alan Anderson,LAC,34,78,220,30,308,3,0,9
Alan Williams,PHX,24,80,260,47,708,27,32,45
Alec Burks,UTA,25,78,214,42,653,18,5,32
Alex Abrines,OKC,23,78,190,68,1055,37,8,60
Alex Len,PHX,24,85,260,77,1560,38,98,66
Alex Poythress,PHI,23,79,238,6,157,3,2,10
Alexis Ajinca,NOP,29,86,248,39,584,20,22,46
Allen Crabbe,POR,25,78,215,79,2254,54,20,112
Alonzo Gee,DEN,30,78,225,13,89,5,1,8
Amir Johnson,BOS,30,81,240,80,1608,51,62,105
Anderson Varejao,GSW,34,83,273,14,92,3,3,6
Andre Drummond,DET,23,83,279,81,2409,124,89,231
Andre Iguodala,GSW,33,78,215,76,1998,76,39,164
Andre Roberson,OKC,25,79,210,79,2376,94,79,196
Andrew Bogut,CLE,32,84,260,27,583,13,25,30
Andrew Harrison,MEM,22,78,213,72,1474,53,21,109
Andrew Nicholson,BKN,27,81,250,38,342,16,6,21
Andrew Wiggins,MIN,22,80,199,82,3048,82,30,137
Anthony Bennett,BKN,24,80,235,23,264,5,3,9
Anthony Brown,ORL,24,79,211,11,159,5,1,9
Anthony Davis,NOP,24,83,253,75,2708,94,167,177
Anthony Morrow,CHI,31,77,210,49,714,24,2,43
Anthony Tolliver,SAC,32,80,240,65,1477,34,20,71
Archie Goodwin,BKN,22,77,205,15,214,4,5,13
Arinze Onuaku,ORL,29,81,255,8,28,0,1,3
Aron Baynes,DET,30,82,260,75,1163,17,39,32
Arron Afflalo,SAC,31,77,210,61,1580,21,6,34
Austin Rivers,LAC,24,76,200,74,2054,48,10,110
Avery Bradley,BOS,26,74,180,55,1834,68,11,148
Axel Toupane,NOP,24,79,210,4,47,1,1,6
Ben Bentil,DAL,22,81,235,3,10,0,0,0
Ben McLemore,SAC,24,77,195,61,1176,29,6,77
Beno Udrih,DET,34,75,205,39,560,13,0,32
Bismack Biyombo,ORL,24,81,255,81,1793,25,91,53
Blake Griffin,LAC,28,82,251,61,2076,57,22,106
Boban Marjanovic,DET,28,87,290,35,293,6,12,12
Bobby Brown,HOU,32,74,175,25,123,1,0,2
Bobby Portis,CHI,22,83,246,64,1000,16,11,39
Bojan Bogdanovic,WAS,28,80,225,81,2083,34,7,68
Boris Diaw,UTA,35,80,250,73,1283,18,9,39
Bradley Beal,WAS,24,77,207,77,2684,83,21,192
Brandan Wright,MEM,29,82,210,28,447,11,20,24
Brandon Bass,LAC,32,80,250,52,577,14,11,30
Brandon Ingram,LAL,19,81,190,79,2279,50,36,94
Brandon Jennings,WAS,27,73,170,81,1801,70,4,153
Brandon Knight,PHX,25,75,195,54,1140,27,5,41
Brandon Rush,MIN,31,78,225,47,1030,22,23,42
Brian Roberts,CHA,31,73,173,41,416,9,1,26
Briante Weber,CHA,24,74,165,20,205,12,1,40
Brice Johnson,LAC,23,82,230,3,9,2,1,2
Brook Lopez,BKN,29,84,268,75,2222,38,124,82
Bruno Caboclo,TOR,21,81,205,9,40,2,1,3
Bryn Forbes,SAS,23,75,190,36,285,1,0,8
Buddy Hield,SAC,24,76,214,82,1888,38,9,90
C.J. Watson,ORL,33,74,175,62,1013,43,2,95
C.J. Wilcox,ORL,26,77,195,22,108,2,1,5
CJ McCollum,POR,25,75,190,80,2796,72,42,122
CJ Miles,IND,30,78,225,76,1776,46,25,88
Cameron Payne,CHI,22,75,185,31,462,14,4,28
Caris LeVert,BKN,22,79,203,57,1237,49,8,104
Carmelo Anthony,NYK,33,80,240,74,2538,60,34,131
Chandler Parsons,MEM,28,82,230,34,675,20,5,36
Channing Frye,CLE,34,83,255,74,1398,33,37,62
Cheick Diallo,NOP,20,81,220,17,199,4,7,9
Chinanu Onuaku,HOU,20,82,245,5,52,3,1,6
Chris Andersen,CLE,38,82,245,12,114,5,7,10
Chris McCullough,WAS,22,81,215,16,80,2,2,3
Chris Paul,LAC,32,72,175,61,1921,119,8,214
Christian Wood,CHA,21,83,220,13,107,3,6,7
Clint Capela,HOU,23,82,240,65,1551,34,79,59
Cody Zeller,CHA,24,84,240,62,1725,62,58,126
Cole Aldrich,MIN,28,83,250,62,531,25,23,63
Corey Brewer,LAL,31,81,186,82,1281,61,20,134
Cory Joseph,TOR,25,75,190,80,2003,66,13,115
Courtney Lee,NYK,31,77,200,77,2459,81,24,157
Cristiano Felicio,CHI,24,81,266,66,1040,25,17,38
D'Angelo Russell,LAL,21,77,195,63,1811,87,16,164
D.J. Augustin,ORL,29,72,183,78,1538,31,1,57
Dahntay Jones,CLE,36,78,225,1,12,0,0,1
Damian Jones,GSW,22,84,245,10,85,1,4,5
Damian Lillard,POR,26,75,195,75,2693,68,20,155
Damjan Rudez,ORL,31,82,228,45,314,12,1,16
Daniel Ochefu,WAS,23,83,245,19,75,2,0,6
Danilo Gallinari,DEN,28,82,225,63,2134,40,15,72
Danny Green,SAS,30,78,215,68,1807,70,57,179
Dante Cunningham,NOP,30,80,230,66,1649,39,28,81
Dante Exum,UTA,21,78,190,66,1228,21,12,52
Danuel House Jr.,WAS,24,79,215,1,1,0,0,0
Dario Saric,PHI,23,82,223,81,2129,57,30,92
Darrell Arthur,DEN,29,81,235,41,639,19,21,54
Darren Collison,SAC,29,72,175,68,2063,67,9,138
Darrun Hilliard,DET,24,78,205,39,381,11,2,20
David Lee,SAS,34,81,245,79,1477,31,40,58
David Nwaba,LAL,24,76,209,20,397,13,7,27
David West,GSW,36,81,250,68,854,42,48,88
Davis Bertans,SAS,24,82,210,67,808,20,28,37
DeAndre Jordan,LAC,28,83,265,81,2570,51,134,96
DeAndre Liggins,DAL,29,78,209,62,777,47,14,98
DeAndre' Bembry,ATL,22,78,210,38,371,8,5,25
DeMar DeRozan,TOR,27,79,220,74,2620,78,13,138
DeMarcus Cousins,NOP,26,83,270,72,2465,100,93,242
DeMarre Carroll,TOR,30,80,212,72,1881,81,27,175
Dejounte Murray,SAS,20,77,170,38,321,8,6,31
Delon Wright,TOR,25,77,190,27,446,27,11,66
Demetrius Jackson,BOS,22,73,201,5,17,0,0,1
Dennis Schroder,ATL,23,73,172,79,2485,74,16,130
Denzel Valentine,CHI,23,78,212,57,977,30,7,55
Deron Williams,CLE,33,75,200,64,1657,31,8,80
Derrick Favors,UTA,25,82,265,50,1186,45,40,94
Derrick Jones Jr.,PHX,20,79,190,32,545,14,13,27
Derrick Rose,NYK,28,75,190,64,2082,44,17,88
Derrick Williams,CLE,26,80,240,50,804,14,7,27
Devin Booker,PHX,20,78,206,78,2731,72,21,121
Devin Harris,DAL,34,75,185,65,1087,43,7,82
Dewayne Dedmon,SAS,27,84,245,76,1330,37,61,75
Deyonta Davis,MEM,20,82,240,36,238,3,17,12
Diamond Stone,LAC,20,83,255,7,24,0,1,1
Dion Waiters,MIA,25,76,220,46,1384,42,20,91
Dirk Nowitzki,DAL,39,84,245,54,1424,30,38,70
Domantas Sabonis,OKC,21,83,240,81,1631,39,32,75
Donatas Motiejunas,NOP,26,84,222,34,479,18,11,34
Dorian Finney-Smith,DAL,24,80,220,81,1642,52,25,90
Doug McDermott,OKC,25,80,219,66,1508,13,5,30
Dragan Bender,PHX,19,85,225,43,574,10,22,21
Draymond Green,GSW,27,79,230,76,2471,154,106,295
Dwight Howard,ATL,31,83,265,74,2199,64,92,130
Dwight Powell,DAL,25,83,240,77,1333,61,39,115
Dwyane Wade,CHI,35,76,220,60,1792,86,41,145
E'Twaun Moore,NOP,28,76,191,73,1820,50,32,110
Ed Davis,POR,28,82,245,46,789,15,22,28
Edy Tavares,CLE,25,87,265,2,28,0,6,0
Elfrid Payton,ORL,23,76,185,82,2412,88,40,216
Elijah Millsap,PHX,29,79,215,2,23,0,0,3
Emmanuel Mudiay,DEN,21,77,200,55,1406,41,13,64
Enes Kanter,OKC,25,83,245,72,1533,32,38,71
Eric Bledsoe,PHX,27,73,205,66,2176,91,31,182
Eric Gordon,HOU,28,76,215,75,2323,48,41,93
Ersan Ilyasova,ATL,30,82,235,82,2142,58,23,158
Evan Fournier,ORL,24,79,205,68,2234,66,4,137
Evan Turner,POR,28,79,220,65,1659,53,24,105
Frank Kaminsky,CHA,24,84,240,75,1954,46,34,85
Fred VanVleet,TOR,23,72,195,37,294,16,3,37
Garrett Temple,SAC,31,78,195,65,1728,84,28,170
Gary Harris,DEN,22,76,210,57,1782,71,8,160
Gary Neal,ATL,32,76,210,2,18,0,0,0
Gary Payton II,MIL,24,75,190,6,99,3,4,8
George Hill,UTA,31,75,188,49,1544,50,11,102
Georges Niang,IND,24,80,230,23,93,3,0,6
Georgios Papagiannis,SAC,19,85,240,22,355,3,17,4
Gerald Green,BOS,31,79,205,47,538,9,7,24
Gerald Henderson,PHI,29,77,215,72,1667,40,15,85
Giannis Antetokounmpo,MIL,22,83,222,80,2845,131,151,218
Glenn Robinson III,IND,23,78,222,69,1427,41,20,72
Goran Dragic,MIA,31,75,190,73,2459,89,13,149
Gordon Hayward,UTA,27,80,226,73,2516,73,20,127
Gorgui Dieng,MIN,27,83,240,82,2653,88,95,213
Greg Monroe,MIL,27,83,265,81,1823,92,38,175
Greivis Vasquez,BKN,30,78,217,3,39,1,1,1
Harrison Barnes,DAL,25,80,225,79,2804,65,15,135
Hassan Whiteside,MIA,28,84,265,77,2513,57,161,117
Henry Ellenson,DET,20,83,245,19,146,1,1,2
Hollis Thompson,NOP,26,80,206,40,752,20,6,38
Ian Clark,GSW,26,75,175,77,1137,39,8,76
Ian Mahinmi,WAS,30,83,262,31,555,33,24,71
Iman Shumpert,CLE,27,77,220,76,1937,62,27,144
Isaiah Canaan,CHI,26,72,201,39,592,22,1,36
Isaiah Thomas,BOS,28,69,185,76,2569,70,13,117
Isaiah Whitehead,BKN,22,76,213,73,1643,42,36,112
Ish Smith,DET,28,72,175,81,1955,61,33,123
Ivica Zubac,LAL,20,85,240,38,609,14,33,22
J.J. Barea,DAL,33,72,185,35,771,14,1,18
JJ Redick,LAC,33,76,190,78,2198,54,13,108
JR Smith,CLE,31,78,225,41,1187,40,11,85
JaMychal Green,MEM,27,81,227,77,2101,47,34,113
JaVale McGee,GSW,29,84,270,77,739,19,67,26
Jabari Parker,MIL,22,80,250,51,1728,50,22,104
Jae Crowder,BOS,26,78,235,72,2335,73,23,178
Jahlil Okafor,PHI,21,83,275,50,1134,20,49,35
Jake Layman,POR,23,81,210,35,249,9,3,18
Jakob Poeltl,TOR,21,84,230,54,626,17,20,38
Jamal Crawford,LAC,37,77,195,82,2157,61,14,121
Jamal Murray,DEN,20,76,207,82,1765,51,24,94
Jameer Nelson,DEN,35,72,190,75,2045,54,8,91
James Ennis III,MEM,26,79,210,64,1501,46,19,95
James Harden,HOU,27,77,220,81,2947,121,38,237
James Johnson,MIA,30,81,250,76,2085,76,86,165
James Jones,CLE,36,80,218,48,381,6,10,14
James Michael McAdoo,GSW,24,81,240,52,457,18,29,29
James Young,BOS,21,78,215,29,220,10,2,13
Jared Dudley,PHX,31,79,225,64,1362,42,16,96
Jared Sullinger,TOR,25,81,260,11,118,4,1,9
Jarell Eddie,PHX,25,79,218,5,62,1,0,2
Jarell Martin,MEM,23,82,239,42,558,17,9,35
Jarnell Stokes,DEN,23,81,255,2,7,1,0,0
Jarrett Jack,NOP,33,75,200,2,33,2,0,3
Jarrod Uthoff,DAL,24,81,221,9,115,2,4,8
Jason Smith,WAS,31,84,240,74,1068,21,54,42
Jason Terry,MIL,39,74,185,74,1365,46,20,86
Jaylen Brown,BOS,20,79,225,78,1341,35,18,78
Jeff Green,ORL,30,81,235,69,1534,37,13,71
Jeff Teague,IND,29,74,186,82,2657,100,32,214
Jeff Withey,UTA,27,84,231,51,432,16,32,22
Jerami Grant,OKC,23,81,210,80,1531,33,79,77
Jeremy Lamb,CHA,25,77,185,62,1143,27,23,64
Jeremy Lin,BKN,28,75,200,36,883,42,14,72
Jerian Grant,CHI,24,76,198,63,1028,47,8,82
Jerryd Bayless,PHI,28,75,200,3,71,0,0,2
Jimmy Butler,CHI,27,79,231,76,2809,143,32,273
Joakim Noah,NYK,32,83,230,46,1015,30,37,53
Jodie Meeks,ORL,29,76,210,36,738,34,4,64
Joe Harris,BKN,25,78,219,52,1138,30,8,50
Joe Ingles,UTA,29,80,226,82,1972,96,8,186
Joe Johnson,UTA,36,79,240,78,1843,36,18,70
Joe Young,IND,25,74,180,33,135,4,0,11
Joel Anthony,SAS,34,81,245,19,122,2,6,4
Joel Bolomboy,UTA,23,81,235,12,53,1,2,1
Joel Embiid,PHI,23,84,250,31,786,27,76,62
Joffrey Lauvergne,CHI,25,83,220,70,980,25,6,35
John Henson,MIL,26,83,229,58,1123,29,78,69
John Jenkins,PHX,26,76,215,4,13,0,0,0
John Lucas III,MIN,34,71,166,5,11,2,0,4
John Wall,WAS,26,76,210,78,2835,157,49,304
Johnny O'Bryant III,CHA,24,81,257,11,81,0,1,2
Jon Leuer,DET,28,82,228,75,1944,31,26,60
Jonas Jerebko,BOS,30,82,231,78,1232,25,17,57
Jonas Valanciunas,TOR,25,84,255,80,2065,37,63,69
Jonathan Gibson,DAL,29,74,185,17,231,8,0,12
Jonathon Simmons,SAS,27,78,195,78,1392,47,25,90
Jordan Clarkson,LAL,25,77,194,82,2397,88,8,160
Jordan Crawford,NOP,28,77,195,19,442,11,2,24
Jordan Farmar,SAC,30,74,180,2,35,2,0,2
Jordan Hill,MIN,29,82,240,7,47,1,0,2
Jordan McRae,CLE,26,77,179,37,384,8,6,17
Jordan Mickey,BOS,22,80,235,25,141,3,6,9
Jose Calderon,ATL,35,75,200,41,539,11,1,41
Josh Huestis,OKC,25,79,230,2,31,0,3,1
Josh McRoberts,MIA,30,82,240,22,381,10,4,24
Josh Richardson,MIA,23,78,200,53,1614,60,39,130
Jrue Holiday,NOP,27,76,205,67,2190,100,44,214
Juancho Hernangomez,DEN,21,81,230,62,842,30,12,42
Julius Randle,LAL,22,81,250,74,2132,49,37,99
Justin Anderson,PHI,23,78,228,75,1227,41,23,75
Justin Hamilton,BKN,27,84,255,64,1177,29,43,59
Justin Harper,PHI,27,82,225,3,31,0,0,1
Justin Holiday,NYK,28,78,185,82,1639,65,31,124
Justise Winslow,MIA,21,79,225,18,625,26,6,42
Jusuf Nurkic,POR,22,84,280,65,1391,50,74,126
KJ McDaniels,BKN,24,78,205,49,506,19,18,26
Karl-Anthony Towns,MIN,21,84,244,82,3030,56,103,94
Kawhi Leonard,SAS,26,79,230,74,2474,133,55,251
Kay Felder,CLE,22,69,176,42,386,18,7,33
Kelly Olynyk,BOS,26,84,238,75,1538,44,29,100
Kelly Oubre Jr.,WAS,21,79,205,79,1605,58,17,196
Kemba Walker,CHA,27,73,184,79,2739,85,22,173
Kenneth Faried,DEN,27,80,228,61,1296,43,40,77
Kent Bazemore,ATL,27,77,201,73,1963,91,52,197
Kentavious Caldwell-Pope,DET,24,77,205,76,2528,89,12,173
Kevin Durant,GSW,28,81,240,62,2070,66,99,136
Kevin Love,CLE,28,82,251,60,1885,53,21,94
Kevin Seraphin,IND,27,82,278,49,559,7,20,18
Kevon Looney,GSW,21,81,220,53,447,15,17,19
Khris Middleton,MIL,25,80,234,29,889,41,7,88
Klay Thompson,GSW,27,79,215,78,2649,66,40,113
Kosta Koufos,SAC,28,84,265,71,1419,36,48,77
Kris Dunn,MIN,23,76,205,78,1333,78,36,171
Kris Humphries,ATL,32,81,235,56,689,15,21,34
Kristaps Porzingis,NYK,21,87,240,66,2164,47,129,97
Kyle Anderson,SAS,23,81,230,72,1020,51,26,91
Kyle Korver,CLE,36,79,212,67,1753,34,21,76
Kyle Lowry,TOR,31,72,205,60,2244,88,19,223
Kyle O'Quinn,NYK,27,82,250,79,1229,36,104,66
Kyle Singler,OKC,29,80,228,32,385,7,5,17
Kyle Wiltjer,HOU,24,82,240,14,44,3,1,3
Kyrie Irving,CLE,25,75,193,72,2525,83,24,184
LaMarcus Aldridge,SAS,31,83,260,72,2335,46,88,94
Lamar Patterson,ATL,25,77,225,5,40,1,0,8
Lance Stephenson,IND,26,77,230,18,362,5,3,18
Lance Thomas,NYK,29,80,235,46,968,21,5,52
Langston Galloway,SAC,25,74,200,74,1494,46,6,107
Larry Nance Jr.,LAL,24,81,230,63,1442,82,39,169
Larry Sanders,CLE,28,83,230,5,13,1,1,1
Lavoy Allen,IND,28,81,260,61,871,18,24,39
LeBron James,CLE,32,80,250,74,2795,92,44,167
Leandro Barbosa,PHX,34,75,194,67,963,31,8,67
Lou Williams,HOU,30,73,175,81,1993,80,20,141
Luc Mbah a Moute,LAC,30,80,230,80,1787,81,35,155
Lucas Nogueira,TOR,24,84,220,57,1088,52,89,91
Luis Scola,BKN,37,81,241,36,461,14,4,32
Luke Babbitt,MIA,28,81,225,68,1065,20,11,41
Luol Deng,LAL,32,81,220,56,1486,48,20,75
Malachi Richardson,SAC,21,78,205,22,198,5,1,9
Malcolm Brogdon,MIL,24,77,215,75,1982,84,12,135
Malcolm Delaney,ATL,28,75,190,73,1248,39,1,91
Malik Beasley,DEN,20,77,196,22,165,7,0,13
Manny Harris,DAL,27,77,185,4,25,0,0,1
Manu Ginobili,SAS,39,78,205,69,1291,82,16,144
Marc Gasol,MEM,32,85,255,74,2531,67,99,124
Marcelo Huertas,LAL,34,75,200,23,237,10,2,20
Marcin Gortat,WAS,33,83,240,82,2555,40,61,83
Marco Belinelli,CHA,31,77,210,74,1778,44,9,91
Marcus Georges-Hunt,ORL,23,78,220,5,48,1,0,3
Marcus Morris Sr.,DET,27,81,235,79,2565,52,25,114
Marcus Smart,BOS,23,76,220,79,2399,125,34,234
Marcus Thornton,WAS,30,76,205,33,575,19,3,34
Mario Hezonja,ORL,22,80,218,65,960,30,15,91
Markieff Morris,WAS,27,82,245,76,2374,82,42,160
Marquese Chriss,PHX,19,82,233,82,1743,67,70,135
Marreese Speights,LAC,29,82,255,82,1286,23,41,51
Marshall Plumlee,NYK,24,84,250,21,170,4,4,9
Marvin Williams,CHA,31,81,237,76,2295,58,53,126
Mason Plumlee,DEN,27,83,255,81,2148,69,92,156
Matt Barnes,GSW,37,79,226,74,1776,48,26,120
Matthew Dellavedova,MIL,26,76,198,76,1986,53,0,90
Maurice Harkless,POR,24,81,220,77,2223,85,70,183
Maurice Ndour,NYK,25,81,200,32,331,15,8,29
Metta World Peace,LAL,37,79,260,25,160,10,2,21
Meyers Leonard,POR,25,85,255,74,1222,13,28,47
Michael Beasley,MIL,28,82,235,56,935,27,27,54
Michael Carter-Williams,CHI,25,78,190,45,846,38,23,81
Michael Gbinije,DET,25,79,200,9,32,0,0,0
Michael Kidd-Gilchrist,CHA,23,79,232,81,2349,81,77,135
Mike Conley,MEM,29,73,175,69,2292,92,19,171
Mike Dunleavy,ATL,36,81,230,53,841,15,7,32
Mike Miller,DEN,37,80,218,20,151,2,0,3
Mike Muscala,ATL,25,83,240,70,1237,30,41,56
Mike Scott,ATL,28,80,237,18,195,4,3,7
Mike Tobey,CHA,22,84,260,2,25,0,0,1
Miles Plumlee,CHA,28,83,249,45,485,18,13,37
Mindaugas Kuzminskas,NYK,27,81,215,68,1016,29,11,52
Mirza Teletovic,MIL,31,81,245,70,1133,12,13,29
Monta Ellis,IND,31,75,185,74,1998,78,27,163
Montrezl Harrell,HOU,23,80,240,58,1064,20,42,37
Myles Turner,IND,21,83,243,81,2541,74,172,148
Nemanja Bjelica,MIN,29,82,225,65,1190,40,20,81
Nene,HOU,34,83,250,67,1198,56,39,103
Nerlens Noel,DAL,23,83,228,51,1047,65,50,136
Nick Collison,OKC,36,82,255,20,128,2,2,5
Nick Young,LAL,32,79,210,60,1556,37,14,96
Nicolas Batum,CHA,28,80,200,77,2617,86,29,160
Nicolas Brussino,DAL,24,80,215,54,521,17,8,29
Nicolas Laprovittola,SAS,27,76,180,18,174,4,1,10
Nik Stauskas,PHI,23,78,205,80,2188,45,32,88
Nikola Jokic,DEN,22,82,250,73,2038,61,55,130
Nikola Mirotic,CHI,26,82,238,70,1679,53,55,103
Nikola Vucevic,ORL,26,84,260,75,2163,76,74,143
Noah Vonleh,POR,21,81,245,74,1265,30,27,59
Norman Powell,TOR,24,76,215,76,1368,52,14,107
Norris Cole,OKC,28,74,175,13,125,8,0,16
Okaro White,MIA,24,80,204,35,471,10,10,26
Omer Asik,NOP,30,84,255,31,482,5,10,22
Omri Casspi,MIN,29,81,225,36,642,23,3,35
Otto Porter Jr.,WAS,24,80,198,80,2605,116,42,234
P.J. Tucker,TOR,32,78,245,81,2236,116,19,217
Pascal Siakam,TOR,23,81,230,55,859,26,45,70
Pat Connaughton,POR,24,77,210,39,316,6,2,10
Patricio Garino,ORL,24,78,203,5,43,0,0,1
Patrick Beverley,HOU,28,73,185,67,2058,99,25,209
Patrick McCaw,GSW,21,79,185,71,1074,32,15,82
Patrick Patterson,TOR,28,81,235,65,1599,40,23,82
Patty Mills,SAS,28,72,185,80,1754,65,3,116
Pau Gasol,SAS,36,84,250,64,1627,24,70,53
Paul George,IND,27,81,220,75,2689,119,27,241
Paul Millsap,ATL,32,80,246,69,2343,90,62,210
Paul Pierce,LAC,39,79,235,25,277,4,5,9
Paul Zipser,CHI,23,80,210,44,843,15,16,28
Pierre Jackson,DAL,25,70,180,9,84,2,0,7
Quincy Acy,BKN,26,79,240,38,558,14,15,48
Quinn Cook,NOP,24,74,179,14,187,4,0,6
RJ Hunter,CHI,23,77,185,3,9,0,0,0
Rajon Rondo,CHI,31,73,186,69,1843,99,11,197
Rakeem Christmas,IND,25,81,250,29,219,3,6,12
Ramon Sessions,CHA,31,75,190,50,811,27,3,42
Randy Foye,BKN,33,76,218,69,1284,35,9,61
Rashad Vaughn,MIL,20,78,202,41,459,19,10,35
Raul Neto,UTA,25,73,179,40,346,21,5,39
Raymond Felton,LAC,33,73,205,80,1700,66,22,144
Reggie Bullock,DET,26,79,205,31,467,18,3,29
Reggie Jackson,DET,27,75,208,52,1424,35,5,78
Reggie Williams,NOP,30,78,205,6,79,3,0,3
Richard Jefferson,CLE,37,79,233,79,1614,26,10,66
Richaun Holmes,PHI,23,82,245,57,1193,42,55,88
Ricky Rubio,MIN,26,76,190,75,2469,128,10,287
Robert Covington,PHI,26,81,215,67,2119,127,69,283
Robin Lopez,CHI,29,84,255,81,2271,18,117,42
Rodney Hood,UTA,24,80,206,59,1593,38,11,59
Rodney McGruder,MIA,25,76,205,78,1966,46,18,100
Rodney Stuckey,IND,31,77,205,39,696,16,0,24
Ron Baker,NYK,24,76,220,52,857,34,8,84
Rondae Hollis-Jefferson,BKN,22,79,214,78,1761,82,44,166
Ronnie Price,PHX,34,74,190,14,134,11,1,19
Roy Hibbert,DEN,30,86,270,48,682,8,46,29
Rudy Gay,SAC,30,80,230,30,1013,44,26,87
Rudy Gobert,UTA,25,85,245,81,2744,49,214,133
Russell Westbrook,OKC,28,75,200,81,2802,132,31,231
Ryan Anderson,HOU,29,82,240,72,2116,31,14,63
Ryan Kelly,ATL,26,83,230,16,110,4,5,4
Salah Mejri,DAL,31,86,245,73,905,32,61,62
Sam Dekker,HOU,23,81,230,77,1419,38,21,79
Sasha Vujacic,NYK,33,79,195,42,408,13,2,29
Sean Kilpatrick,BKN,27,76,219,70,1754,45,6,85
Semaj Christon,OKC,24,75,190,64,973,28,7,64
Serge Ibaka,TOR,27,82,235,79,2422,41,124,71
Sergio Rodriguez,PHI,31,75,176,68,1517,49,4,86
Seth Curry,DAL,26,74,185,70,2029,79,7,164
Shabazz Muhammad,MIN,24,78,223,78,1516,22,6,37
Shabazz Napier,POR,25,73,175,53,512,32,2,59
Shaun Livingston,GSW,31,79,192,76,1345,38,20,73
Shawn Long,PHI,24,81,255,18,234,9,9,20
Shelvin Mack,UTA,27,75,203,55,1205,42,3,91
Skal Labissiere,SAC,21,83,225,33,612,16,13,32
Solomon Hill,NOP,26,79,225,80,2374,72,32,181
Spencer Dinwiddie,BKN,24,78,200,59,1334,44,23,87
Spencer Hawes,MIL,29,85,245,54,797,15,30,25
Stanley Johnson,DET,21,79,245,77,1371,56,24,108
Stephen Curry,GSW,29,75,190,79,2639,142,17,261
Stephen Zimmerman,ORL,20,84,240,19,108,2,5,3
Steve Novak,MIL,34,82,225,8,22,0,0,0
Steven Adams,OKC,23,84,255,80,2389,89,78,152
T.J. Warren,PHX,23,80,225,66,2048,76,39,146
Taj Gibson,OKC,32,81,236,78,1989,41,65,72
Tarik Black,LAL,25,81,250,67,1091,29,44,69
Taurean Prince,ATL,23,80,220,59,981,43,27,84
Terrence Jones,MIL,25,81,255,54,1271,40,54,57
Terrence Ross,ORL,26,79,195,78,1955,87,33,173
Terry Rozier,BOS,23,74,190,74,1263,45,11,85
Thabo Sefolosha,ATL,33,79,220,62,1596,96,31,176
Thaddeus Young,IND,29,80,221,74,2237,113,29,215
Thomas Robinson,LAL,26,82,237,48,560,26,9,49
Thon Maker,MIL,20,85,223,57,562,10,26,28
Tiago Splitter,PHI,32,83,245,8,76,1,1,3
Tim Frazier,NOP,26,73,170,65,1525,56,6,110
Tim Hardaway Jr.,ATL,25,78,205,79,2153,55,15,99
Timofey Mozgov,LAL,30,85,275,54,1104,16,31,33
Timothe Luwawu-Cabarrot,PHI,22,78,205,69,1190,32,10,69
Tobias Harris,DET,24,81,235,82,2566,60,39,128
Tomas Satoransky,WAS,25,79,210,57,719,26,6,57
Toney Douglas,MEM,31,74,195,24,394,18,5,36
Tony Allen,MEM,35,76,213,71,1914,115,29,234
Tony Parker,SAS,35,74,185,63,1587,34,2,58
Tony Snell,MIL,25,79,217,80,2336,55,14,139
Treveon Graham,CHA,23,78,226,27,189,6,1,7
Trevor Ariza,HOU,32,80,215,80,2773,147,20,251
Trevor Booker,BKN,29,80,228,71,1754,75,28,128
Trey Burke,WAS,24,73,191,57,703,11,5,43
Trey Lyles,UTA,21,82,234,71,1158,26,20,50
Tristan Thompson,CLE,26,81,238,78,2336,39,84,73
Troy Daniels,MEM,25,76,205,67,1183,20,4,43
Troy Williams,HOU,22,79,210,30,557,27,10,41
Ty Lawson,SAC,29,71,195,69,1732,74,6,129
Tyler Ennis,LAL,22,75,194,53,588,25,2,40
Tyler Johnson,MIA,25,76,186,73,2177,84,44,152
Tyler Ulis,PHX,21,70,150,61,1123,48,5,93
Tyler Zeller,BOS,27,84,253,51,525,7,21,13
Tyreke Evans,SAC,27,78,220,40,788,35,9,55
Tyson Chandler,PHX,34,85,240,47,1298,33,24,57
Tyus Jones,MIN,21,74,195,60,774,48,5,82
Udonis Haslem,MIA,37,80,235,16,130,6,1,9
Victor Oladipo,OKC,25,76,210,67,2223,78,21,157
Vince Carter,MEM,40,78,220,73,1800,60,36,113
Wade Baldwin IV,MEM,21,76,202,33,405,18,7,27
Wayne Ellington,MIA,29,76,200,62,1500,35,4,68
Wesley Johnson,LAC,29,79,215,68,810,29,30,97
Wesley Matthews,DAL,30,77,220,73,2495,77,15,190
Will Barton,DEN,26,78,175,60,1705,48,28,96
Willie Cauley-Stein,SAC,23,84,240,75,1421,53,44,105
Willie Reed,MIA,27,83,245,71,1031,18,47,34
Willy Hernangomez,NYK,23,83,240,72,1324,41,36,101
Wilson Chandler,DEN,30,80,225,71,2197,51,30,103
Yogi Ferrell,DAL,24,72,180,46,1197,42,9,92
Zach LaVine,MIN,22,77,185,47,1749,41,10,80
Zach Randolph,MEM,35,81,260,73,1786,38,10,105
Zaza Pachulia,GSW,33,83,275,70,1268,59,33,123
